{
    "rois": {
        "0": {
            "label": "null",
            "center": [
                -0.016311876100346012,
                -17.456263349330186,
                18.087173918871827
            ],
            "size": 895189
        },
        "1": {
            "label": "L_V1v",
            "center": [
                -5.817787418655101,
                -89.11496746203905,
                -4.7462039045553155
            ],
            "size": 462
        },
        "2": {
            "label": "L_V1d",
            "center": [
                -6.63565891472868,
                -96.05684754521964,
                2.113695090439279
            ],
            "size": 389
        },
        "3": {
            "label": "L_V2v",
            "center": [
                -9.224719101123597,
                -83.37640449438203,
                -10.98876404494382
            ],
            "size": 359
        },
        "4": {
            "label": "L_V2d",
            "center": [
                -9.614379084967325,
                -98.8562091503268,
                12.019607843137251
            ],
            "size": 309
        },
        "5": {
            "label": "L_V3v",
            "center": [
                -17.368852459016395,
                -78.9344262295082,
                -11.90983606557377
            ],
            "size": 247
        },
        "6": {
            "label": "L_V3d",
            "center": [
                -18.2265625,
                -97.140625,
                16.25
            ],
            "size": 264
        },
        "7": {
            "label": "L_hV4",
            "center": [
                -25.3202614379085,
                -79.51633986928104,
                -13.764705882352942
            ],
            "size": 155
        },
        "8": {
            "label": "L_VO1",
            "center": [
                -26.51851851851852,
                -71.44444444444444,
                -11.25925925925926
            ],
            "size": 57
        },
        "9": {
            "label": "L_VO2",
            "center": [
                -24.86363636363636,
                -64.27272727272728,
                -9.954545454545453
            ],
            "size": 135
        },
        "10": {
            "label": "L_PHC1",
            "center": [
                -26.309090909090912,
                -54.03636363636363,
                -8.690909090909088
            ],
            "size": 113
        },
        "11": {
            "label": "L_PHC2",
            "center": [
                -28.870967741935488,
                -46.83870967741936,
                -7.838709677419359
            ],
            "size": 63
        },
        "12": {
            "label": "L_MST",
            "center": null,
            "size": null
        },
        "13": {
            "label": "L_hMT",
            "center": [
                -46.96000000000001,
                -81.56,
                6.519999999999996
            ],
            "size": 57
        },
        "14": {
            "label": "L_LO2",
            "center": [
                -39.626666666666665,
                -86.4,
                6.959999999999994
            ],
            "size": 79
        },
        "15": {
            "label": "L_LO1",
            "center": [
                -32.38848920863309,
                -89.9136690647482,
                7.050359712230218
            ],
            "size": 149
        },
        "16": {
            "label": "L_V3b",
            "center": [
                -29.10909090909091,
                -89.92727272727274,
                16.818181818181813
            ],
            "size": 111
        },
        "17": {
            "label": "L_V3a",
            "center": [
                -19.037037037037038,
                -91.07936507936508,
                24.48677248677248
            ],
            "size": 195
        },
        "18": {
            "label": "L_IPS0",
            "center": [
                -25.50769230769231,
                -79.73076923076923,
                29.900000000000006
            ],
            "size": 264
        },
        "19": {
            "label": "L_IPS1",
            "center": [
                -21.852941176470594,
                -71.76470588235294,
                41.720588235294116
            ],
            "size": 139
        },
        "20": {
            "label": "L_IPS2",
            "center": [
                -18.62222222222222,
                -70.0,
                57.95555555555555
            ],
            "size": 67
        },
        "21": {
            "label": "L_IPS3",
            "center": [
                -18.0,
                -61.33333333333333,
                58.66666666666666
            ],
            "size": 7
        },
        "22": {
            "label": "L_IPS4",
            "center": [
                -22.0,
                -62.0,
                56.0
            ],
            "size": 1
        },
        "23": {
            "label": "L_SPL1",
            "center": [
                -14.0,
                -64.0,
                60.0
            ],
            "size": 1
        },
        "24": {
            "label": "L_FEF",
            "center": [
                -26.0,
                -4.0,
                51.0
            ],
            "size": 3
        },
        "25": {
            "label": "R_V1v",
            "center": [
                8.102564102564102,
                -86.58974358974359,
                -1.6153846153846132
            ],
            "size": 394
        },
        "26": {
            "label": "R_V1d",
            "center": [
                10.782122905027933,
                -94.22346368715084,
                4.966480446927378
            ],
            "size": 359
        },
        "27": {
            "label": "R_V2v",
            "center": [
                9.673024523160763,
                -80.65395095367847,
                -8.076294277929158
            ],
            "size": 368
        },
        "28": {
            "label": "R_V2d",
            "center": [
                14.695121951219505,
                -96.42682926829268,
                14.262195121951223
            ],
            "size": 336
        },
        "29": {
            "label": "R_V3v",
            "center": [
                17.750915750915752,
                -77.01831501831502,
                -10.952380952380949
            ],
            "size": 280
        },
        "30": {
            "label": "R_V3d",
            "center": [
                25.236051502145926,
                -94.36051502145924,
                15.261802575107296
            ],
            "size": 253
        },
        "31": {
            "label": "R_hV4",
            "center": [
                26.16568047337278,
                -79.08875739644971,
                -12.284023668639051
            ],
            "size": 173
        },
        "32": {
            "label": "R_VO1",
            "center": [
                27.0,
                -69.4375,
                -10.1875
            ],
            "size": 96
        },
        "33": {
            "label": "R_VO2",
            "center": [
                26.03478260869565,
                -60.121739130434776,
                -8.782608695652172
            ],
            "size": 118
        },
        "34": {
            "label": "R_PHC1",
            "center": [
                28.035087719298247,
                -53.05263157894737,
                -8.315789473684212
            ],
            "size": 62
        },
        "35": {
            "label": "R_PHC2",
            "center": [
                28.712871287128714,
                -45.801980198019805,
                -8.851485148514854
            ],
            "size": 102
        },
        "36": {
            "label": "R_MST",