{
    "rois": {
        "0": {
            "label": null,
            "center": [
                -0.15494697302207783,
                -18.325225326378757,
                18.71443007481959
            ],
            "size": 98196
        },
        "1": {
            "label": null,
            "center": [
                23.352112676056336,
                35.80281690140845,
                -17.323943661971832
            ],
            "size": 155
        },
        "2": {
            "label": null,
            "center": [
                41.23809523809524,
                46.85714285714286,
                -13.047619047619051
            ],
            "size": 44
        },
        "3": {
            "label": null,
            "center": [
                7.384615384615387,
                65.84615384615384,
                -12.153846153846153
            ],
            "size": 13
        },
        "4": {
            "label": null,
            "center": [
                5.421052631578945,
                43.15789473684211,
                -14.578947368421055
            ],
            "size": 79
        },
        "5": {
            "label": null,
            "center": [
                47.873684210526314,
                35.494736842105254,
                2.5052631578947455
            ],
            "size": 105
        },
        "6": {
            "label": null,
            "center": [
                49.438202247191015,
                17.662921348314597,
                13.32584269662921
            ],
            "size": 121
        },
        "7": {
            "label": null,
            "center": [
                31.95959595959596,
                49.966329966329965,
                16.464646464646464
            ],
            "size": 329
        },
        "8": {
            "label": null,
            "center": [
                11.47216494845361,
                30.465979381443304,
                41.01855670103093
            ],
            "size": 499
        },
        "9": {
            "label": null,
            "center": [
                37.80769230769231,
                14.230769230769226,
                45.19230769230769
            ],
            "size": 123
        },
        "10": {
            "label": null,
            "center": [
                52.42307692307692,
                5.884615384615387,
                18.34615384615384
            ],
            "size": 255
        },
        "11": {
            "label": null,
            "center": [
                7.180722891566262,
                -22.79518072289156,
                55.638554216867476
            ],
            "size": 96
        },
        "12": {
            "label": null,
            "center": [
                6.615384615384613,
                37.38461538461539,
                -1.6923076923076934
            ],
            "size": 29
        },
        "13": {
            "label": null,
            "center": [
                5.48571428571428,
                24.342857142857156,
                20.971428571428575
            ],
            "size": 37
        },
        "14": {
            "label": null,
            "center": [
                6.0,
                -14.740740740740733,
                36.0
            ],
            "size": 56
        },
        "15": {
            "label": null,
            "center": [
                9.142857142857139,
                -43.04761904761905,
                13.523809523809518
            ],
            "size": 47
        },
        "16": {
            "label": null,
            "center": [
                54.193548387096776,
                -8.516129032258064,
                20.236559139784944
            ],
            "size": 204
        },
        "17": {
            "label": null,
            "center": [
                56.55813953488372,
                -30.64186046511628,
                30.372093023255815
            ],
            "size": 406
        },
        "18": {
            "label": null,
            "center": [
                25.582887700534755,
                -58.053475935828885,
                55.73262032085562
            ],
            "size": 293
        },
        "19": {
            "label": null,
            "center": [
                53.13978494623656,
                -56.064516129032256,
                20.817204301075265
            ],
            "size": 322
        },
        "20": {
            "label": null,
            "center": [
                10.512820512820511,
                -55.623931623931625,
                33.26495726495726
            ],
            "size": 243
        },
        "21": {
            "label": null,
            "center": [
                4.6451612903225765,
                -81.41935483870968,
                23.290322580645167
            ],
            "size": 44
        },
        "22": {
            "label": null,
            "center": [
                10.74509803921569,
                -78.74509803921569,
                6.627450980392155
            ],
            "size": 52
        },
        "23": {
            "label": null,
            "center": [
                39.0,
                -76.22222222222223,
                -9.888888888888886
            ],
            "size": 188
        },
        "24": {
            "label": null,
            "center": [
                15.88349514563106,
                -60.85436893203884,
                -5.456310679611647
            ],
            "size": 119
        },
        "25": {
            "label": null,
            "center": [
                33.52112676056338,
                -31.49295774647888,
                -25.342723004694832
            ],
            "size": 228
        },
        "26": {
            "label": null,
            "center": [
                20.0,
                -38.0,
                -10.0
            ],
            "size": 23
        },
        "27": {
            "label": null,
            "center": [
                25.043478260869563,
                -1.9130434782608745,
                -34.17391304347826
            ],
            "size": 25
        },
        "28": {
            "label": null,
            "center": [
                28.645161290322584,
                14.709677419354847,
                -34.903225806451616
            ],
            "size": 31
        },
        "29": {
            "label": null,
            "center": [
                49.48235294117647,
                -21.92941176470589,
                -28.517647058823528
            ],
            "size": 198
        },
        "30": {
            "label": null,
            "center": [
                58.874524714828894,
                -17.536121673003805,
                -15.688212927756652
            ],
            "size": 273
        },
        "31": {
            "label": null,
            "center": [
                49.0,
                -36.599999999999994,
                9.400000000000006
            ],
            "size": 34
        },
        "32": {
            "label": null,
            "center": [
                51.04761904761905,
                -2.4761904761904816,
                -5.755102040816325
            ],
            "size": 180
        },
        "33": {
            "label": null,
            "center": [
                41.6,
                -22.0,
                8.400000000000006
            ],
            "size": 14
        },
        "34": {
            "label": null,
            "center": [
                32.15384615384615,
                14.923076923076934,
                -11.846153846153847
            ],
            "size": 73
        },
        "35": {
            "label": null,
            "center": [
                11.312883435582819,
                -16.957055214723923,
                6.711656441717793
            ],
            "size": 163
        },
        "36": {
            "label": null,