{
    "rois": {
        "0": {
            "label": null,
            "center": [
                -0.560207282149193,
                -16.726280946654597,
                20.880031736979774
            ],
            "size": 80830
        },
        "1": {
            "label": null,
            "center": [
                34.46153846153846,
                20.923076923076934,
                -39.230769230769226
            ],
            "size": 13
        },
        "3": {
            "label": null,
            "center": [
                -32.400000000000006,
                20.80000000000001,
                -39.2
            ],
            "size": 10
        },
        "4": {
            "label": null,
            "center": [
                56.66666666666667,
                -6.0,
                -39.0
            ],
            "size": 12
        },
        "5": {
            "label": null,
            "center": [
                35.77777777777778,
                1.131313131313135,
                -41.7979797979798
            ],
            "size": 198
        },
        "6": {
            "label": null,
            "center": [
                -2.040816326530617,
                -4.897959183673464,
                -39.55102040816327
            ],
            "size": 49
        },
        "7": {
            "label": null,
            "center": [
                -34.79166666666667,
                -0.0625,
                -41.5625
            ],
            "size": 192
        },
        "9": {
            "label": null,
            "center": [
                56.0,
                -54.0,
                -40.0
            ],
            "size": 4
        },
        "10": {
            "label": null,
            "center": [
                33.16129032258064,
                -47.596774193548384,
                -46.46774193548387
            ],
            "size": 248
        },
        "11": {
            "label": null,
            "center": [
                0.31422505307855886,
                -42.51380042462844,
                -48.98089171974522
            ],
            "size": 471
        },
        "12": {
            "label": null,
            "center": [
                -32.44444444444444,
                -47.857777777777784,
                -46.30222222222222
            ],
            "size": 225
        },
        "13": {
            "label": null,
            "center": [
                56.0,
                -60.0,
                -38.0
            ],
            "size": 1
        },
        "14": {
            "label": null,
            "center": [
                32.623574144486696,
                -69.56653992395437,
                -46.21292775665399
            ],
            "size": 263
        },
        "15": {
            "label": null,
            "center": [
                -0.18055555555555713,
                -70.45833333333333,
                -45.59722222222222
            ],
            "size": 288
        },
        "16": {
            "label": null,
            "center": [
                -31.305084745762713,
                -69.33898305084746,
                -46.152542372881356
            ],
            "size": 236
        },
        "17": {
            "label": null,
            "center": [
                28.95238095238095,
                60.33333333333334,
                -8.142857142857139
            ],
            "size": 84
        },
        "18": {
            "label": null,
            "center": [
                0.6470588235294059,
                61.58823529411765,
                -11.254901960784316
            ],
            "size": 204
        },
        "19": {
            "label": null,
            "center": [
                -27.75757575757575,
                59.93939393939394,
                -7.515151515151516
            ],
            "size": 66
        },
        "20": {
            "label": null,
            "center": [
                56.0,
                29.714285714285722,
                -4.857142857142861
            ],
            "size": 14
        },
        "21": {
            "label": null,
            "center": [
                35.13082039911308,
                33.640798226164065,
                -12.27937915742794
            ],
            "size": 451
        },
        "22": {
            "label": null,
            "center": [
                0.196836555360278,
                35.83128295254832,
                -14.140597539543059
            ],
            "size": 569
        },
        "23": {
            "label": null,
            "center": [
                -34.00479616306954,
                33.477218225419676,
                -12.05275779376499
            ],
            "size": 417
        },
        "25": {
            "label": null,
            "center": [
                60.301886792452834,
                -3.924528301886795,
                -16.320754716981128
            ],
            "size": 212
        },
        "26": {
            "label": null,
            "center": [
                36.02197802197802,
                -0.021978021978014795,
                -17.989010989010993
            ],
            "size": 728
        },
        "27": {
            "label": null,
            "center": [
                -0.20495867768595133,
                -0.27768595041322897,
                -15.963636363636368
            ],
            "size": 605
        },
        "28": {
            "label": null,
            "center": [
                -37.61616161616162,
                -0.3282828282828234,
                -17.909090909090907
            ],
            "size": 792
        },
        "29": {
            "label": null,
            "center": [
                -61.57894736842104,
                -8.26315789473685,
                -15.526315789473685
            ],
            "size": 76
        },
        "30": {
            "label": null,
            "center": [
                61.88652482269504,
                -35.94326241134752,
                -13.801418439716315
            ],
            "size": 282
        },
        "31": {
            "label": null,
            "center": [
                35.70909090909091,
                -38.44675324675325,
                -17.225974025974025
            ],
            "size": 770
        },
        "32": {
            "label": null,
            "center": [
                -0.0872913992297839,
                -37.84852374839538,
                -18.164313222079585
            ],
            "size": 779
        },
        "33": {
            "label": null,
            "center": [
                -37.527446300715994,
                -38.35799522673031,
                -16.911694510739856
            ],
            "size": 838
        },
        "34": {
            "label": null,
            "center": [
                -62.89473684210526,
                -34.73684210526315,
                -12.44736842105263
            ],
            "size": 152
        },
        "35": {
            "label": null,
            "center": [
                58.064516129032256,
                -63.225806451612904,
                -9.741935483870968
            ],
            "size": 35
        },
        "36": {
            "label": null,
            "center": [
                34.258592471358426,
                -73.77414075286416,
                -17.16857610474632
            ],
            "size": 611
        },
        "37": {
            "label": null,
            "center": [
                -0.13793103448276156,
                -75.316091954023,
                -17.57471264367816
            ],
            "size": 696
        },
        "38": {
            "label": null,
            "center": [
                -34.192242833052276,
                -73.15345699831366,
                -16.745362563237776
            ],
            "size": 593
        },
        "39": {
            "label": null,