{
    "rois": {
        "0": {
            "label": null,
            "center": [
                -0.13333333333333997,
                -18.251862464183375,
                18.79675262655205
            ],
            "size": 83764
        },
        "1": {
            "label": null,
            "center": [
                -25.07364639466256,
                -16.448550166794973,
                18.178598922247886
            ],
            "size": 3905
        },
        "2": {
            "label": null,
            "center": [
                -31.241557165663764,
                -19.1030332801179,
                17.259241065946213
            ],
            "size": 8143
        },
        "3": {
            "label": null,
            "center": [
                -12.053333333333327,
                -11.386666666666656,
                14.400000000000006
            ],
            "size": 152
        },
        "4": {
            "label": null,
            "center": [
                -9.80116959064327,
                -19.181286549707607,
                6.397660818713447
            ],
            "size": 171
        },
        "5": {
            "label": null,
            "center": [
                -12.645161290322577,
                9.741935483870975,
                9.16129032258064
            ],
            "size": 62
        },
        "6": {
            "label": null,
            "center": [
                -25.0,
                0.5,
                0.4166666666666714
            ],
            "size": 96
        },
        "7": {
            "label": null,
            "center": [
                -19.200000000000003,
                -4.799999999999997,
                -1.5428571428571445
            ],
            "size": 35
        },
        "8": {
            "label": null,
            "center": [
                0.6132879045996589,
                -31.155025553662696,
                -34.08177172061329
            ],
            "size": 587
        },
        "9": {
            "label": null,
            "center": [
                -24.57142857142857,
                -21.57142857142857,
                -14.76190476190476
            ],
            "size": 84
        },
        "10": {
            "label": null,
            "center": [
                -22.731707317073173,
                -4.292682926829272,
                -18.585365853658537
            ],
            "size": 41
        },
        "11": {
            "label": null,
            "center": [
                -9.599999999999994,
                12.0,
                -7.200000000000003
            ],
            "size": 10
        },
        "12": {
            "label": null,
            "center": [
                27.357873210633947,
                -14.828220858895705,
                17.682004089979557
            ],
            "size": 3921
        },
        "13": {
            "label": null,
            "center": [
                32.92347333161556,
                -16.873486214893063,
                16.751868075238335
            ],
            "size": 7762
        },
        "14": {
            "label": null,
            "center": [
                13.921259842519689,
                -12.755905511811022,
                14.283464566929126
            ],
            "size": 127
        },
        "15": {
            "label": null,
            "center": [
                11.164556962025316,
                -18.22784810126582,
                7.012658227848107
            ],
            "size": 158
        },
        "16": {
            "label": null,
            "center": [
                12.84210526315789,
                10.31578947368422,
                9.859649122807014
            ],
            "size": 57
        },
        "17": {
            "label": null,
            "center": [
                25.799999999999997,
                1.3199999999999932,
                -0.03999999999999204
            ],
            "size": 100
        },
        "18": {
            "label": null,
            "center": [
                19.75757575757575,
                -3.5151515151515156,
                -1.2727272727272663
            ],
            "size": 33
        },
        "19": {
            "label": null,
            "center": [
                26.114942528735632,
                -21.149425287356323,
                -14.321839080459768
            ],
            "size": 87
        },
        "20": {
            "label": null,
            "center": [
                22.933333333333337,
                -4.266666666666666,
                -18.177777777777777
            ],
            "size": 45
        },
        "21": {
            "label": null,
            "center": [
                10.0,
                12.800000000000011,
                -6.799999999999997
            ],
            "size": 10
        }
    },
    "Atlasname": "",
    "Description": "",
    "NativeCoordinateSpace": "",
    "Hierarchical": "",
    "Symmetrical": "",
    "NumberOfRegions": "22",
    "AverageVolumePerRegion": "4970.454545454545",
    "YearGenerated": "2020",
    "GenerationMethod": "",
    "ReferencesAndLinks": [
        ""
    ],
    "Space": "MNI152NLin6",
    "BIDSVersion": "1.8.0",
    "Authors": [
        "",
        ""
    ],
    "Species": "Homo sapiens",
    "Resolution": "[4, 4, 4] mm"
}