{
    "rois": {
        "0": {
            "label": null,
            "center": [
                -0.11644498275518345,
                -18.31957932985236,
                18.673633523629462
            ],
            "size": 813320
        },
        "1": {
            "label": null,
            "center": [
                22.444651162790706,
                37.106976744186056,
                -17.862325581395346
            ],
            "size": 1152
        },
        "2": {
            "label": null,
            "center": [
                41.924528301886795,
                44.88679245283018,
                -12.974842767295598
            ],
            "size": 324
        },
        "3": {
            "label": null,
            "center": [
                8.244897959183675,
                65.81632653061226,
                -12.183673469387756
            ],
            "size": 98
        },
        "4": {
            "label": null,
            "center": [
                5.061277705345503,
                43.32464146023469,
                -15.478487614080834
            ],
            "size": 767
        },
        "5": {
            "label": null,
            "center": [
                46.512953367875646,
                35.81865284974094,
                3.474093264248708
            ],
            "size": 776
        },
        "6": {
            "label": null,
            "center": [
                46.95693779904306,
                19.215311004784695,
                8.0976076555024
            ],
            "size": 1048
        },
        "7": {
            "label": null,
            "center": [
                31.93380438824842,
                48.87541837114168,
                17.066567497210855
            ],
            "size": 2716
        },
        "8": {
            "label": null,
            "center": [
                11.553689567430027,
                30.436641221374032,
                40.38422391857506
            ],
            "size": 3933
        },
        "9": {
            "label": null,
            "center": [
                37.42542542542543,
                13.269269269269273,
                45.98798798798799
            ],
            "size": 1010
        },
        "10": {
            "label": null,
            "center": [
                42.07621009268795,
                -4.140061791967042,
                40.23583934088569
            ],
            "size": 1963
        },
        "11": {
            "label": null,
            "center": [
                7.643835616438352,
                -23.432876712328763,
                53.88219178082191
            ],
            "size": 731
        },
        "12": {
            "label": null,
            "center": [
                6.783410138248854,
                37.34562211981566,
                -0.9861751152073737
            ],
            "size": 231
        },
        "13": {
            "label": null,
            "center": [
                6.168316831683171,
                24.26732673267327,
                21.188118811881182
            ],
            "size": 223
        },
        "14": {
            "label": null,
            "center": [
                5.760416666666671,
                -14.40625,
                35.63020833333333
            ],
            "size": 399
        },
        "15": {
            "label": null,
            "center": [
                9.776357827476033,
                -44.076677316293924,
                13.015974440894567
            ],
            "size": 324
        },
        "16": {
            "label": null,
            "center": [
                45.69337539432176,
                -14.171608832807578,
                31.02586750788643
            ],
            "size": 1651
        },
        "17": {
            "label": null,
            "center": [
                52.52537903757416,
                -38.1331575477917,
                23.88068556361239
            ],
            "size": 3161
        },
        "18": {
            "label": null,
            "center": [
                23.277378815080795,
                -59.79982046678636,
                52.821364452423694
            ],
            "size": 2369
        },
        "19": {
            "label": null,
            "center": [
                53.25198637911464,
                -56.633371169125994,
                17.827468785471055
            ],
            "size": 2652
        },
        "20": {
            "label": null,
            "center": [
                10.608219178082194,
                -54.323287671232876,
                34.16986301369863
            ],
            "size": 1840
        },
        "21": {
            "label": null,
            "center": [
                6.943894389438938,
                -78.89108910891089,
                22.052805280528048
            ],
            "size": 312
        },
        "22": {
            "label": null,
            "center": [
                11.101796407185631,
                -77.81437125748502,
                7.2335329341317305
            ],
            "size": 349
        },
        "23": {
            "label": null,
            "center": [
                33.2847483095417,
                -84.3801652892562,
                -0.24492862509391955
            ],
            "size": 1438
        },
        "24": {
            "label": null,
            "center": [
                15.072463768115938,
                -63.26867335562988,
                -5.270903010033436
            ],
            "size": 915
        },
        "25": {
            "label": null,
            "center": [
                33.69599042489527,
                -32.61879114302812,
                -25.226810293237584
            ],
            "size": 1729
        },
        "26": {
            "label": null,
            "center": [
                24.158139534883716,
                -26.8093023255814,
                -18.799999999999997
            ],
            "size": 224
        },
        "27": {
            "label": null,
            "center": [
                25.18012422360249,
                -1.5031055900621197,
                -34.11180124223603
            ],
            "size": 167
        },
        "28": {
            "label": null,
            "center": [
                29.24163568773234,
                15.442379182156145,
                -35.53903345724907
            ],
            "size": 269
        },
        "29": {
            "label": null,
            "center": [
                49.80461329715061,
                -23.476255088195387,
                -27.132971506105832
            ],
            "size": 1537
        },
        "30": {
            "label": null,
            "center": [
                59.06057781919851,
                -17.61789375582478,
                -15.765144454799625
            ],
            "size": 2208
        },
        "31": {
            "label": null,
            "center": [
                52.19626168224299,
                -37.6822429906542,
                7.065420560747668
            ],
            "size": 245
        },
        "32": {
            "label": null,
            "center": [
                52.28210838901262,
                -6.028210838901259,
                -3.9227913882702268
            ],
            "size": 1438
        },
        "33": {
            "label": null,
            "center": [
                42.769230769230774,
                -19.120879120879124,
                7.450549450549445
            ],
            "size": 98
        },
        "34": {
            "label": null,
            "center": [
                29.668662674650697,
                12.179640718562865,
                -9.736526946107787
            ],
            "size": 688
        },
        "35": {
            "label": null,